N_c,alpha_xx,alpha_yy,alpha_zz
6,83.483856,83.483563,44.942091
24,396.598944,396.597718,127.905056
54,1075.836883,1075.833586,247.367418
96,2278.759146,2278.746533,403.314132