N_c,alpha_xx,alpha_yy,alpha_zz
6,83.357094,83.357094,45.270898
24,403.041193,403.041198,129.437406
54,1114.599543,1114.599395,250.918031
96,2383.314399,2383.325851,409.399040