R,\mathrm{q_{ind}} + \mathbf{\mu}_{ind},\mathbf{\mu}_{ind},\mathrm{HF},\mathrm{PBE0},\mathrm{MP2}
6.0000,-0.0088647511,-0.0075483769,-0.008135,-0.008525,-0.008420
8.0000,-0.0043205874,-0.0036169571,-0.004083,-0.004293,-0.004249
10.000,-0.0024016749,-0.0019869011,-0.002307,-0.002432,-0.002411
12.000,-0.0014592103,-0.0011969917,-0.001416,-0.001496,-0.001485
14.000,-0.0009450995,-0.0007704213,-0.000924,-0.000977,-0.000971
16.000,-0.0006423845,-0.0005211778,-0.000631,-0.000668,-0.000664
18.000,-0.0004534813,-0.0003665700,-0.000447,-0.000474,-0.000471
20.000,-0.0003300815,-0.0002660494,-0.000326,-0.000346,-0.000344