R,PISCES(q+µ),PISCES(µ),HF,PBE0
6,-0.0126606243,-0.0106987765,-0.010958,-0.011490
8,-0.0065875724,-0.0054378288,-0.005860,-0.006197
10,-0.0038799747,-0.0031497473,-0.003491,-0.003717
12,-0.0024710947,-0.0019810838,-0.002236,-0.002392
14,-0.0016639606,-0.0013212159,-0.001511,-0.001623
16,-0.0011688004,-0.0009210574,-0.001064,-0.001146
18,-0.0008488138,-0.0006648693,-0.000774,-0.000836
20,-0.0006333497,-0.0004936763,-0.000578,-0.000626