R,PISCES(q+µ),PISCES(µ),HF,PBE0
6,-0.0056285956,-0.0054821287,-0.004502,-0.004624
8,-0.0023573187,-0.0022954131,-0.001999,-0.002049
10,-0.0011872337,-0.0011557651,-0.001038,-0.001063
12,-0.0006704457,-0.0006525380,-0.000597,-0.000611
14,-0.0004097389,-0.0003987284,-0.000369,-0.000377
16,-0.0002654712,-0.0002583037,-0.000241,-0.000246
18,-0.0001799602,-0.0001750834,-0.000164,-0.000168
20,-0.0001264964,-0.0001230582,-0.000116,-0.000118