R,\mathrm{q_{ind}} + \mathbf{\mu}_{ind},\mathbf{\mu}_{ind},\mathrm{HF},\mathrm{PBE0},\mathrm{MP2}
6.0000,-0.0050110439,-0.0047397450,-0.004502,-0.004624,-0.004597
8.0000,-0.0021220986,-0.0020060629,-0.001999,-0.002049,-0.002039
10.000,-0.0010757158,-0.0010162951,-0.001038,-0.001063,-0.001058
12.000,-0.0006098377,-0.0005758551,-0.000597,-0.000611,-0.000608
14.000,-0.0003736122,-0.0003526440,-0.000369,-0.000377,-0.000376
16.000,-0.0002424557,-0.0002287704,-0.000241,-0.000246,-0.000245
18.000,-0.0001645409,-0.0001552108,-0.000164,-0.000168,-0.000167
20.000,-0.0001157495,-0.0001091618,-0.000116,-0.000118,-0.000118