R,PISCES(q+µ),PISCES(µ),HF,PBE0
6,-0.0147426508,-0.0117298100,-0.013414,-0.013842
8,-0.0081293152,-0.0062417911,-0.007512,-0.007843
10,-0.0050082919,-0.0037451021,-0.004634,-0.004890
12,-0.0033123705,-0.0024273310,-0.003055,-0.003254
14,-0.0023029753,-0.0016610472,-0.002115,-0.002270
16,-0.0016626137,-0.0011840193,-0.001521,-0.001642
18,-0.0012364759,-0.0008714772,-0.001127,-0.001222
20,-0.0009420478,-0.0006583153,-0.000856,-0.000932