R,q_ind + mu_ind,mu_ind,HF,PBE0,MP2
6.0000,-0.0168542266,-0.0167166117,-0.018390,-0.018202,-0.018483
8.0000,-0.0073343795,-0.0072816536,-0.007917,-0.007819,-0.007938
10.000,-0.0036671859,-0.0036453790,-0.003920,-0.003863,-0.003921
12.000,-0.0020160854,-0.0020062770,-0.002143,-0.002108,-0.002139
14.000,-0.0011898810,-0.0011851245,-0.001262,-0.001238,-0.001257
16.000,-0.0007427715,-0.0007403094,-0.000786,-0.000771,-0.000782
18.000,-0.0004853679,-0.0004840196,-0.000513,-0.000503,-0.000510
20.000,-0.0003294680,-0.0003286930,-0.000348,-0.000341,-0.000346
