R,PISCES(q+µ),PISCES(µ),HF,PBE0
6.000000,-0.0200531895,-0.0196566926,-0.023285,-0.023410
8.000000,-0.0094961742,-0.0093104772,-0.010880,-0.010933
10.000000,-0.0050621797,-0.0049708212,-0.005736,-0.005754  
12.000000,-0.0029201311,-0.0028728612,-0.003291,-0.003293
14.000000,-0.0017868846,-0.0017612639,-0.002011,-0.002008
16.000000,-0.0011462882,-0.0011318017,-0.001292,-0.001286
18.000000,-0.0007647324,-0.0007562209,-0.000864,-0.000859
20.000000,-0.0005274181,-0.0005222404,-0.000598,-0.000593