R,PISCES(q+µ),PISCES(µ),HF,PBE0
6,-0.0095130323,-0.0095130323,-0.012104,-0.011735
8,-0.0035286195,-0.0035286195,-0.004561,-0.004416
10,-0.0015636713,-0.0015636713,-0.002021,-0.001958
12,-0.0007885077,-0.0007885077,-0.001016,-0.000986
14,-0.0004375802,-0.0004375802,-0.000562,-0.000546
16,-0.0002612572,-0.0002612572,-0.000334,-0.000325
18,-0.0001652006,-0.0001652006,-0.000211,-0.000205
20,-0.0001093954,-0.0001093954,-0.000139,-0.000136