R,PISCES(q+µ),PISCES(µ),HF,PBE0
6.0000000,-0.0236062227,-0.0225624048,-0.027022,-0.027412
8.0000000,-0.0119104491,-0.0113572840,-0.013401,-0.013625
10.000000,-0.0067028052,-0.0063994120,-0.007438,-0.007560  
12.000000,-0.0040426314,-0.0038703961,-0.004448,-0.004513
14.000000,-0.0025637989,-0.0024628119,-0.002809,-0.002843
16.000000,-0.0016918552,-0.0016308326,-0.001851,-0.001868
18.000000,-0.0011540271,-0.0011161049,-0.001263,-0.001272
20.000000,-0.0008098372,-0.0007856488,-0.000888,-0.000892